"date","variable","value"
2018-05-04,"airt",21.8164020833333
2018-05-04,"wtemp",27.6925
2018-05-04,"swr",323.984166666667
2018-05-04,"wnd",NA
2018-05-05,"airt",21.5856
2018-05-05,"wtemp",26.396875
2018-05-05,"swr",251.816041666667
2018-05-05,"wnd",NA
2018-05-06,"airt",24.0676979166667
2018-05-06,"wtemp",26.6047916666667
2018-05-06,"swr",210.626458333333
2018-05-06,"wnd",NA
2018-05-07,"airt",24.2224854166667
2018-05-07,"wtemp",27.055
2018-05-07,"swr",299.883333333333
2018-05-07,"wnd",NA
2018-05-08,"airt",22.114125
2018-05-08,"wtemp",27.1220833333333
2018-05-08,"swr",307.313541666667
2018-05-08,"wnd",NA
2018-05-09,"airt",22.0988145833333
2018-05-09,"wtemp",27.0843902439024
2018-05-09,"swr",284.765625
2018-05-09,"wnd",NA
2018-05-10,"airt",23.3617083333333
2018-05-10,"wtemp",27.3860416666667
2018-05-10,"swr",293.881875
2018-05-10,"wnd",NA
2018-05-11,"airt",25.822625
2018-05-11,"wtemp",27.8160416666667
2018-05-11,"swr",284.143333333333
2018-05-11,"wnd",NA
2018-05-12,"airt",25.0112979166667
2018-05-12,"wtemp",28.08375
2018-05-12,"swr",263.43
2018-05-12,"wnd",NA
2018-05-13,"airt",22.0750583333333
2018-05-13,"wtemp",27.7785416666667
2018-05-13,"swr",171.733333333333
2018-05-13,"wnd",NA
2018-05-14,"airt",22.407075
2018-05-14,"wtemp",27.3720833333333
2018-05-14,"swr",108.392708333333
2018-05-14,"wnd",NA
2018-05-15,"airt",22.36494375
2018-05-15,"wtemp",26.995
2018-05-15,"swr",103.13625
2018-05-15,"wnd",NA
2018-05-16,"airt",22.3940520833333
2018-05-16,"wtemp",26.7697916666667
2018-05-16,"swr",170.362916666667
2018-05-16,"wnd",NA
2018-05-17,"airt",23.3584979166667
2018-05-17,"wtemp",26.72
2018-05-17,"swr",143.668333333333
2018-05-17,"wnd",NA
2018-05-18,"airt",23.2541604166667
2018-05-18,"wtemp",26.700625
2018-05-18,"swr",133.839583333333
2018-05-18,"wnd",NA
2018-05-19,"airt",23.90473125
2018-05-19,"wtemp",27.296875
2018-05-19,"swr",249.547083333333
2018-05-19,"wnd",NA
2018-05-20,"airt",22.5466020833333
2018-05-20,"wtemp",26.9133333333333
2018-05-20,"swr",61.5783333333333
2018-05-20,"wnd",NA
2018-05-21,"airt",22.9207354166667
2018-05-21,"wtemp",26.5755813953488
2018-05-21,"swr",104.285
2018-05-21,"wnd",NA
2018-05-22,"airt",23.9060791666667
2018-05-22,"wtemp",26.7647916666667
2018-05-22,"swr",206.700208333333
2018-05-22,"wnd",NA
2018-05-23,"airt",24.5635875
2018-05-23,"wtemp",27.5925
2018-05-23,"swr",274.609375
2018-05-23,"wnd",1.34
2018-05-24,"airt",25.69295
2018-05-24,"wtemp",28.8127659574468
2018-05-24,"swr",256.944583333333
2018-05-24,"wnd",0.723103448275862
2018-05-25,"airt",25.61728125
2018-05-25,"wtemp",28.6754166666667
2018-05-25,"swr",246.173125
2018-05-25,"wnd",NA
2018-05-26,"airt",24.9850270833333
2018-05-26,"wtemp",28.7872916666667
2018-05-26,"swr",241.740833333333
2018-05-26,"wnd",NA
2018-05-27,"airt",24.2334954545455
2018-05-27,"wtemp",28.154375
2018-05-27,"swr",94.5020833333333
2018-05-27,"wnd",NA
2018-05-28,"airt",25.5446875
2018-05-28,"wtemp",27.8758333333333
2018-05-28,"swr",189.011041666667
2018-05-28,"wnd",NA
2018-05-29,"airt",24.8717458333333
2018-05-29,"wtemp",28.044375
2018-05-29,"swr",206.163541666667
2018-05-29,"wnd",NA
2018-05-30,"airt",23.3779604166667
2018-05-30,"wtemp",27.8577083333333
2018-05-30,"swr",44.3470833333333
2018-05-30,"wnd",NA
2018-05-31,"airt",24.8714541666667
2018-05-31,"wtemp",28.1064583333333
2018-05-31,"swr",181.7075
2018-05-31,"wnd",NA
2018-06-01,"airt",26.11075
2018-06-01,"wtemp",28.8722916666667
2018-06-01,"swr",270.423541666667
2018-06-01,"wnd",NA
2018-06-02,"airt",26.209325
2018-06-02,"wtemp",29.6364583333333
2018-06-02,"swr",307.94125
2018-06-02,"wnd",NA
2018-06-03,"airt",25.7428125
2018-06-03,"wtemp",29.6725
2018-06-03,"swr",209.3475
2018-06-03,"wnd",NA
2018-06-04,"airt",26.8384895833333
2018-06-04,"wtemp",28.8035714285714
2018-06-04,"swr",251.584791666667
2018-06-04,"wnd",NA
2018-06-05,"airt",26.9966020833333
2018-06-05,"wtemp",27.9775
2018-06-05,"swr",268.302708333333
2018-06-05,"wnd",NA
2018-06-06,"airt",22.81973125
2018-06-06,"wtemp",30.9825
2018-06-06,"swr",101.340416666667
2018-06-06,"wnd",NA
2018-06-07,"airt",24.4014979166667
2018-06-07,"wtemp",29.0283333333333
2018-06-07,"swr",236.995416666667
2018-06-07,"wnd",1.62692307692308
2018-06-10,"airt",24.3819583333333
2018-06-10,"wtemp",24.45
2018-06-10,"swr",227.726666666667
2018-06-10,"wnd",1.206875
2018-06-11,"airt",24.7903916666667
2018-06-11,"wtemp",30.6342857142857
2018-06-11,"swr",255.162291666667
2018-06-11,"wnd",1.03729166666667
2018-06-12,"airt",24.1746770833333
2018-06-12,"wtemp",33.24
2018-06-12,"swr",191.7975
2018-06-12,"wnd",0.972708333333333
2018-06-14,"airt",26.243325
2018-06-14,"wtemp",26.925
2018-06-14,"swr",236.575625
2018-06-14,"wnd",1.15395833333333
2018-06-15,"airt",27.0037104166667
2018-06-15,"wtemp",28.6257142857143
2018-06-15,"swr",275.954791666667
2018-06-15,"wnd",1.06291666666667
2018-06-18,"airt",26.7240208333333
2018-06-18,"wtemp",29.5835294117647
2018-06-18,"swr",195.529166666667
2018-06-18,"wnd",0.344230769230769
2018-06-19,"airt",25.94261875
2018-06-19,"wtemp",31.1220833333333
2018-06-19,"swr",273.871875
2018-06-19,"wnd",1.8
2018-06-20,"airt",26.0403145833333
2018-06-20,"wtemp",31.0826086956522
2018-06-20,"swr",249.671041666667
2018-06-20,"wnd",0.857368421052632
2018-06-21,"airt",26.2013666666667
2018-06-21,"wtemp",31.0602941176471
2018-06-21,"swr",184.917291666667
2018-06-21,"wnd",1.99230769230769
2018-06-22,"airt",28.4859770833333
2018-06-22,"wtemp",31.1285416666667
2018-06-22,"swr",268.745416666667
2018-06-22,"wnd",1.76541666666667
2018-06-23,"airt",28.4854416666667
2018-06-23,"wtemp",31.3622580645161
2018-06-23,"swr",290.328333333333
2018-06-23,"wnd",1.82111111111111
2018-07-09,"airt",26.04688125
2018-07-09,"wtemp",31.2897872340426
2018-07-09,"swr",252.460833333333
2018-07-09,"wnd",1.32083333333333
2018-07-10,"airt",26.7343854166667
2018-07-10,"wtemp",31.6654166666667
2018-07-10,"swr",265.482291666667
2018-07-10,"wnd",0.934791666666667
2018-07-11,"airt",27.7776020833333
2018-07-11,"wtemp",32.275625
2018-07-11,"swr",280.3125
2018-07-11,"wnd",0.803958333333333
2018-07-12,"airt",27.7093854166667
2018-07-12,"wtemp",32.2172916666667
2018-07-12,"swr",296.4675
2018-07-12,"wnd",1.07520833333333
2018-07-13,"airt",27.8283208333333
2018-07-13,"wtemp",32.4970833333333
2018-07-13,"swr",301.705208333333
2018-07-13,"wnd",0.985555555555556
2018-07-14,"airt",27.265575
2018-07-14,"wtemp",32.5785416666667
2018-07-14,"swr",245.780208333333
2018-07-14,"wnd",0.931666666666667
2018-07-15,"airt",26.32642
2018-07-15,"wtemp",32.2447916666667
2018-07-15,"swr",37.5646295186392
2018-07-15,"wnd",0.6875
2018-07-18,"airt",26.9920533333333
2018-07-18,"wtemp",31.4975757575758
2018-07-18,"swr",83.0644187012237
2018-07-18,"wnd",1.2469696969697
2018-07-19,"airt",26.0579363636364
2018-07-19,"wtemp",31.2136363636364
2018-07-19,"swr",110.712793796043
2018-07-19,"wnd",1.09545454545455
2018-07-20,"airt",26.0001857142857
2018-07-20,"wtemp",30.8716666666667
2018-07-20,"swr",121.197633772776
2018-07-20,"wnd",NA
2018-07-21,"airt",26.2798933333333
2018-07-21,"wtemp",30.7802083333333
2018-07-21,"swr",197.613958333333
2018-07-21,"wnd",NA
2018-07-22,"airt",24.96916
2018-07-22,"wtemp",30.2985
2018-07-22,"swr",52.4498660377223
2018-07-22,"wnd",NA
2018-07-23,"airt",28.98086
2018-07-23,"wtemp",29.87375
2018-07-23,"swr",196.76314439229
2018-07-23,"wnd",NA
2018-07-24,"airt",26.62145
2018-07-24,"wtemp",29.6672916666667
2018-07-24,"swr",190.7525
2018-07-24,"wnd",NA
2018-07-25,"airt",26.4858145833333
2018-07-25,"wtemp",30.1189583333333
2018-07-25,"swr",228.926875
2018-07-25,"wnd",NA
2018-07-26,"airt",26.3487125
2018-07-26,"wtemp",30.24125
2018-07-26,"swr",112.171666666667
2018-07-26,"wnd",NA
2018-07-27,"airt",27.7961645833333
2018-07-27,"wtemp",30.4008333333333
2018-07-27,"swr",272.665208333333
2018-07-27,"wnd",NA
2018-07-28,"airt",27.5888708333333
2018-07-28,"wtemp",31.2277083333333
2018-07-28,"swr",285.728125
2018-07-28,"wnd",NA
2018-07-29,"airt",26.705775
2018-07-29,"wtemp",31.4877083333333
2018-07-29,"swr",290.652083333333
2018-07-29,"wnd",NA
2018-07-30,"airt",25.3880208333333
2018-07-30,"wtemp",31.0754166666667
2018-07-30,"swr",173.459375
2018-07-30,"wnd",NA
2018-07-31,"airt",25.57079375
2018-07-31,"wtemp",30.545
2018-07-31,"swr",158.180625
2018-07-31,"wnd",1.49
2018-08-01,"airt",26.8458791666667
2018-08-01,"wtemp",30.5866666666667
2018-08-01,"swr",221.265
2018-08-01,"wnd",1.64208333333333
2018-08-02,"airt",26.4906333333333
2018-08-02,"wtemp",30.8004166666667
2018-08-02,"swr",254.357291666667
2018-08-02,"wnd",1.82729166666667
2018-08-03,"airt",26.3677875
2018-08-03,"wtemp",30.904375
2018-08-03,"swr",245.1675
2018-08-03,"wnd",1.60729166666667
2018-08-04,"airt",27.7136979166667
2018-08-04,"wtemp",29.7008333333333
2018-08-04,"swr",296.949583333333
2018-08-04,"wnd",1.24541666666667
2018-08-05,"airt",27.5235375
2018-08-05,"wtemp",28.9170833333333
2018-08-05,"swr",295.877708333333
2018-08-05,"wnd",1.50729166666667
2018-08-06,"airt",27.4531541666667
2018-08-06,"wtemp",31.763125
2018-08-06,"swr",283.986875
2018-08-06,"wnd",1.2025
2018-08-07,"airt",27.455775
2018-08-07,"wtemp",31.5445833333333
2018-08-07,"swr",279.996458333333
2018-08-07,"wnd",0.905416666666667
2018-08-08,"airt",28.9277291666667
2018-08-08,"wtemp",32.0954166666667
2018-08-08,"swr",276.83875
2018-08-08,"wnd",1.69229166666667
2018-08-09,"airt",27.13185
2018-08-09,"wtemp",32.1141666666667
2018-08-09,"swr",280.841741790461
2018-08-09,"wnd",1.14055555555556
2018-08-10,"airt",27.1367645833333
2018-08-10,"wtemp",31.858125
2018-08-10,"swr",239.36384423056
2018-08-10,"wnd",NA
2018-08-11,"airt",27.21135625
2018-08-11,"wtemp",31.9647916666667
2018-08-11,"swr",224.805537114638
2018-08-11,"wnd",NA
2018-08-12,"airt",26.5084791666667
2018-08-12,"wtemp",32.1327083333333
2018-08-12,"swr",258.499487481238
2018-08-12,"wnd",NA
2018-08-13,"airt",24.5232
2018-08-13,"wtemp",31.6845833333333
2018-08-13,"swr",72.0910258608659
2018-08-13,"wnd",NA
2018-08-14,"airt",27.81848
2018-08-14,"wtemp",31.6275
2018-08-14,"swr",158.223443829201
2018-08-14,"wnd",1.47021739130435
2018-08-15,"airt",26.1348916666667
2018-08-15,"wtemp",31.6552083333333
2018-08-15,"swr",248.506875
2018-08-15,"wnd",1.213125
2018-08-16,"airt",25.6973625
2018-08-16,"wtemp",31.7314583333333
2018-08-16,"swr",250.84
2018-08-16,"wnd",0.948958333333333
2018-08-17,"airt",25.55455
2018-08-17,"wtemp",31.4785416666667
2018-08-17,"swr",163.029375
2018-08-17,"wnd",0.932083333333333
2018-08-18,"airt",26.5862854166667
2018-08-18,"wtemp",31.60875
2018-08-18,"swr",206.36
2018-08-18,"wnd",0.855
2018-08-19,"airt",26.9962791666667
2018-08-19,"wtemp",31.9425
2018-08-19,"swr",290.169791666667
2018-08-19,"wnd",0.932708333333333
2018-08-20,"airt",25.5997041666667
2018-08-20,"wtemp",31.9079166666667
2018-08-20,"swr",265.130625
2018-08-20,"wnd",1.20645833333333
2018-08-21,"airt",25.5697854166667
2018-08-21,"wtemp",31.534375
2018-08-21,"swr",187.876458333333
2018-08-21,"wnd",0.9825
2018-08-22,"airt",26.6970375
2018-08-22,"wtemp",31.4816666666667
2018-08-22,"swr",203.356041666667
2018-08-22,"wnd",1.63416666666667
2018-08-23,"airt",27.6380479166667
2018-08-23,"wtemp",32.0129166666667
2018-08-23,"swr",278.65125
2018-08-23,"wnd",0.847368421052632
2018-08-24,"airt",26.4432208333333
2018-08-24,"wtemp",31.7541666666667
2018-08-24,"swr",181.305395590884
2018-08-24,"wnd",1.23977777777778
2018-08-25,"airt",26.4191583333333
2018-08-25,"wtemp",31.6960416666667
2018-08-25,"swr",233.243958333333
2018-08-25,"wnd",0.789583333333333
2018-08-26,"airt",25.83615
2018-08-26,"wtemp",31.649375
2018-08-26,"swr",184.416041666667
2018-08-26,"wnd",0.902916666666667
2018-08-27,"airt",27.0084395833333
2018-08-27,"wtemp",31.2362068965517
2018-08-27,"swr",229.163333333333
2018-08-27,"wnd",1.14916666666667
2019-05-01,"airt",24.1255104166667
2019-05-01,"wtemp",26.4425
2019-05-01,"swr",286.081041666667
2019-05-01,"wnd",1.81479166666667
2019-05-02,"airt",23.9754229166667
2019-05-02,"wtemp",26.65375
2019-05-02,"swr",269.965208333333
2019-05-02,"wnd",2.14583333333333
2019-05-03,"airt",23.8355583333333
2019-05-03,"wtemp",26.8654166666667
2019-05-03,"swr",146.162083333333
2019-05-03,"wnd",1.31916666666667
2019-05-04,"airt",25.1697104166667
2019-05-04,"wtemp",27.1841666666667
2019-05-04,"swr",263.741666666667
2019-05-04,"wnd",1.941875
2019-05-05,"airt",23.59768125
2019-05-05,"wtemp",27.3270833333333
2019-05-05,"swr",105.2625
2019-05-05,"wnd",1.73583333333333
2019-05-06,"airt",24.3780979166667
2019-05-06,"wtemp",27.2083333333333
2019-05-06,"swr",259.367291666667
2019-05-06,"wnd",1.11916666666667
2019-05-07,"airt",24.9624270833333
2019-05-07,"wtemp",27.975
2019-05-07,"swr",294.071458333333
2019-05-07,"wnd",1.35458333333333
2019-05-08,"airt",23.9934208333333
2019-05-08,"wtemp",27.86
2019-05-08,"swr",303.841041666667
2019-05-08,"wnd",1.76270833333333
2019-05-09,"airt",23.82525
2019-05-09,"wtemp",27.7869696969697
2019-05-09,"swr",247.018333333333
2019-05-09,"wnd",1.01636363636364
2019-05-10,"airt",25.4056854166667
2019-05-10,"wtemp",28.1945833333333
2019-05-10,"swr",302.268125
2019-05-10,"wnd",1.51833333333333
2019-05-11,"airt",24.98023125
2019-05-11,"wtemp",28.4635416666667
2019-05-11,"swr",278.342083333333
2019-05-11,"wnd",1.458125
2019-05-12,"airt",26.1349666666667
2019-05-12,"wtemp",28.738125
2019-05-12,"swr",278.831875
2019-05-12,"wnd",2.07791666666667
2019-05-13,"airt",24.5673
2019-05-13,"wtemp",28.586875
2019-05-13,"swr",154.2
2019-05-13,"wnd",1.61583333333333
2019-05-14,"airt",23.11193125
2019-05-14,"wtemp",28.44
2019-05-14,"swr",298.662708333333
2019-05-14,"wnd",1.36854166666667
2019-05-15,"airt",22.1157458333333
2019-05-15,"wtemp",28.551875
2019-05-15,"swr",299.416041666667
2019-05-15,"wnd",1.28208333333333
2019-05-16,"airt",22.64908125
2019-05-16,"wtemp",28.693125
2019-05-16,"swr",299.842916666667
2019-05-16,"wnd",0.973958333333333
2019-05-17,"airt",24.34069375
2019-05-17,"wtemp",28.755625
2019-05-17,"swr",305.044791666667
2019-05-17,"wnd",1.18104166666667
2019-05-18,"airt",24.4934041666667
2019-05-18,"wtemp",28.929375
2019-05-18,"swr",307.322708333333
2019-05-18,"wnd",1.228125
2019-05-19,"airt",24.0105125
2019-05-19,"wtemp",28.979375
2019-05-19,"swr",332.148125
2019-05-19,"wnd",1.13395833333333
2019-05-20,"airt",26.3604020833333
2019-05-20,"wtemp",29.5985416666667
2019-05-20,"swr",333.763958333333
2019-05-20,"wnd",1.16291666666667
2019-05-21,"airt",27.6823208333333
2019-05-21,"wtemp",29.8802083333333
2019-05-21,"swr",320.163125
2019-05-21,"wnd",1.68083333333333
2019-05-22,"airt",27.2834041666667
2019-05-22,"wtemp",30.0279166666667
2019-05-22,"swr",316.318125
2019-05-22,"wnd",1.92020833333333
2019-05-23,"airt",25.3208020833333
2019-05-23,"wtemp",29.7495652173913
2019-05-23,"swr",303.418125
2019-05-23,"wnd",1.79521739130435
2019-05-24,"airt",24.7586375
2019-05-24,"wtemp",29.765625
2019-05-24,"swr",335.865833333333
2019-05-24,"wnd",0.545769230769231
2019-05-25,"airt",26.7151208333333
2019-05-25,"wtemp",30.0339583333333
2019-05-25,"swr",325.787916666667
2019-05-25,"wnd",2.85
2019-05-26,"airt",27.6519166666667
2019-05-26,"wtemp",30.3802083333333
2019-05-26,"swr",331.163958333333
2019-05-26,"wnd",1.16458333333333
2019-05-27,"airt",29.0103229166667
2019-05-27,"wtemp",30.75
2019-05-27,"swr",319.001666666667
2019-05-27,"wnd",1.50083333333333
2019-05-28,"airt",27.8107104166667
2019-05-28,"wtemp",30.8420833333333
2019-05-28,"swr",283.248333333333
2019-05-28,"wnd",1.52958333333333
2019-05-29,"airt",26.6784708333333
2019-05-29,"wtemp",30.6139583333333
2019-05-29,"swr",276.559791666667
2019-05-29,"wnd",1.31729166666667
2019-05-30,"airt",27.9421770833333
2019-05-30,"wtemp",31.0433333333333
2019-05-30,"swr",337.923333333333
2019-05-30,"wnd",1.28666666666667
2019-05-31,"airt",26.979725
2019-05-31,"wtemp",31.0472916666667
2019-05-31,"swr",267.498541666667
2019-05-31,"wnd",1.438125
2019-06-01,"airt",27.6497229166667
2019-06-01,"wtemp",31.07875
2019-06-01,"swr",278.596458333333
2019-06-01,"wnd",1.37166666666667
2019-06-02,"airt",28.4116270833333
2019-06-02,"wtemp",31.09875
2019-06-02,"swr",301.126041666667
2019-06-02,"wnd",2.048125
2019-06-03,"airt",28.7962458333333
2019-06-03,"wtemp",31.409375
2019-06-03,"swr",313.125833333333
2019-06-03,"wnd",1.0503125
2019-06-04,"airt",28.4665479166667
2019-06-04,"wtemp",31.7227083333333
2019-06-04,"swr",310.2225
2019-06-04,"wnd",1.24354166666667
2019-06-05,"airt",26.4036333333333
2019-06-05,"wtemp",31.59875
2019-06-05,"swr",256.33
2019-06-05,"wnd",1.35434782608696
2019-06-06,"airt",27.2375854166667
2019-06-06,"wtemp",31.5393333333333
2019-06-06,"swr",224.667291666667
2019-06-06,"wnd",1.42857142857143
2019-06-07,"airt",26.3132125
2019-06-07,"wtemp",31.1780769230769
2019-06-07,"swr",136.360833333333
2019-06-07,"wnd",2.12538461538462
2019-06-08,"airt",25.82519375
2019-06-08,"wtemp",30.8
2019-06-08,"swr",175.254375
2019-06-08,"wnd",2.61869565217391
2019-06-09,"airt",23.9842333333333
2019-06-09,"wtemp",30.3273913043478
2019-06-09,"swr",117.927083333333
2019-06-09,"wnd",1.58625
2019-06-10,"airt",24.3724958333333
2019-06-10,"wtemp",29.99
2019-06-10,"swr",182.421041666667
2019-06-10,"wnd",2.48192307692308
2019-06-11,"airt",25.797075
2019-06-11,"wtemp",30.1262962962963
2019-06-11,"swr",241.78
2019-06-11,"wnd",1.97285714285714
2019-06-12,"airt",25.2275729166667
2019-06-12,"wtemp",29.8430769230769
2019-06-12,"swr",178.99375
2019-06-12,"wnd",2.55
2019-06-13,"airt",23.42195
2019-06-13,"wtemp",29.3295833333333
2019-06-13,"swr",104.735208333333
2019-06-13,"wnd",1.682
2019-06-14,"airt",25.1305833333333
2019-06-14,"wtemp",29.3661538461538
2019-06-14,"swr",242.162083333333
2019-06-14,"wnd",0.5
2019-06-15,"airt",25.5332958333333
2019-06-15,"wtemp",29.4542857142857
2019-06-15,"swr",256.326041666667
2019-06-15,"wnd",2.32461538461538
2019-06-16,"airt",26.1685645833333
2019-06-16,"wtemp",30.0534782608696
2019-06-16,"swr",267.141875
2019-06-16,"wnd",NA
2019-06-17,"airt",24.7957875
2019-06-17,"wtemp",29.808
2019-06-17,"swr",228.8325
2019-06-17,"wnd",2.03423076923077
2019-06-18,"airt",25.44033125
2019-06-18,"wtemp",29.9211111111111
2019-06-18,"swr",174.430833333333
2019-06-18,"wnd",1.60777777777778
2019-06-19,"airt",25.1063708333333
2019-06-19,"wtemp",29.644347826087
2019-06-19,"swr",148.115833333333
2019-06-19,"wnd",2.2352380952381
2019-06-20,"airt",26.4814229166667
2019-06-20,"wtemp",29.5519230769231
2019-06-20,"swr",182.091041666667
2019-06-20,"wnd",3.27923076923077
2019-06-21,"airt",28.7971583333333
2019-06-21,"wtemp",30.1575
2019-06-21,"swr",276.613333333333
2019-06-21,"wnd",2.75928571428571
2019-06-22,"airt",28.7540145833333
2019-06-22,"wtemp",30.7596428571429
2019-06-22,"swr",231.224166666667
2019-06-22,"wnd",2.20607142857143
2019-06-23,"airt",28.7804583333333
2019-06-23,"wtemp",31.2907407407407
2019-06-23,"swr",282.565416666667
2019-06-23,"wnd",1.70444444444444
2019-06-24,"airt",28.6799916666667
2019-06-24,"wtemp",31.5946428571429
2019-06-24,"swr",314.318333333333
2019-06-24,"wnd",2.12535714285714
2019-06-25,"airt",29.13448125
2019-06-25,"wtemp",31.8507142857143
2019-06-25,"swr",303.461875
2019-06-25,"wnd",2.00037037037037
2019-06-26,"airt",28.6758354166667
2019-06-26,"wtemp",31.9914285714286
2019-06-26,"swr",273.722916666667
2019-06-26,"wnd",1.92607142857143
2019-06-27,"airt",27.2066145833333
2019-06-27,"wtemp",31.7896428571429
2019-06-27,"swr",281.471041666667
2019-06-27,"wnd",1.91
2019-06-28,"airt",26.48776875
2019-06-28,"wtemp",31.6259259259259
2019-06-28,"swr",292.356458333333
2019-06-28,"wnd",1.005
2019-06-29,"airt",26.0171875
2019-06-29,"wtemp",31.5392857142857
2019-06-29,"swr",240.315833333333
2019-06-29,"wnd",1.64571428571429
2019-06-30,"airt",26.2880083333333
2019-06-30,"wtemp",31.8462962962963
2019-06-30,"swr",260.347916666667
2019-06-30,"wnd",1.32807692307692
2019-07-01,"airt",27.3758604166667
2019-07-01,"wtemp",31.9353571428571
2019-07-01,"swr",301.175833333333
2019-07-01,"wnd",1.75142857142857
2019-07-02,"airt",28.72214375
2019-07-02,"wtemp",32.2551851851852
2019-07-02,"swr",290.163958333333
2019-07-02,"wnd",1.86192307692308
2019-07-03,"airt",28.2065041666667
2019-07-03,"wtemp",32.3533333333333
2019-07-03,"swr",272.545416666667
2019-07-03,"wnd",1.464
2019-07-04,"airt",27.7897270833333
2019-07-04,"wtemp",32.475
2019-07-04,"swr",244.759583333333
2019-07-04,"wnd",0.28
2019-07-05,"airt",25.7796729166667
2019-07-05,"wtemp",31.83
2019-07-05,"swr",154.309375
2019-07-05,"wnd",1.9
2019-07-06,"airt",25.4832708333333
2019-07-06,"wtemp",31.4586363636364
2019-07-06,"swr",157.705208333333
2019-07-06,"wnd",1.89454545454545
2019-07-07,"airt",26.02425
2019-07-07,"wtemp",31.2091666666667
2019-07-07,"swr",159.706875
2019-07-07,"wnd",1.5832
2019-07-08,"airt",26.9322958333333
2019-07-08,"wtemp",31.8934615384615
2019-07-08,"swr",237.867708333333
2019-07-08,"wnd",1.62
2019-07-09,"airt",26.6456666666667
2019-07-09,"wtemp",31.6868
2019-07-09,"swr",269.0875
2019-07-09,"wnd",1.49333333333333
2019-07-10,"airt",26.848525
2019-07-10,"wtemp",31.4673913043478
2019-07-10,"swr",192.704166666667
2019-07-10,"wnd",1.89666666666667
2019-07-11,"airt",27.0542583333333
2019-07-11,"wtemp",31.5928571428571
2019-07-11,"swr",254.333333333333
2019-07-11,"wnd",1.85857142857143
2019-07-12,"airt",26.4409291666667
2019-07-12,"wtemp",31.6803846153846
2019-07-12,"swr",252.790833333333
2019-07-12,"wnd",NA
2019-07-13,"airt",26.3456791666667
2019-07-13,"wtemp",31.8453846153846
2019-07-13,"swr",243.110625
2019-07-13,"wnd",1.5672
2019-07-14,"airt",28.8432958333333
2019-07-14,"wtemp",32.6017857142857
2019-07-14,"swr",314.197916666667
2019-07-14,"wnd",1.13071428571429
2019-07-15,"airt",28.2779875
2019-07-15,"wtemp",32.6947222222222
2019-07-15,"swr",299.090625
2019-07-15,"wnd",1.16611111111111
2019-07-16,"airt",27.61759375
2019-07-16,"wtemp",32.481875
2019-07-16,"swr",262.499791666667
2019-07-16,"wnd",0.851666666666667
2019-07-17,"airt",26.7875979166667
2019-07-17,"wtemp",32.3618181818182
2019-07-17,"swr",236.92375
2019-07-17,"wnd",0.462727272727273
2019-07-18,"airt",25.95256875
2019-07-18,"wtemp",32.3546428571429
2019-07-18,"swr",214.8825
2019-07-18,"wnd",NA
2019-07-19,"airt",26.7315666666667
2019-07-19,"wtemp",32.3689583333333
2019-07-19,"swr",250.31
2019-07-19,"wnd",NA
2019-07-20,"airt",26.27360625
2019-07-20,"wtemp",32.4466666666667
2019-07-20,"swr",230.77125
2019-07-20,"wnd",1.42230769230769
2019-07-21,"airt",25.75499375
2019-07-21,"wtemp",32.2
2019-07-21,"swr",235.176458333333
2019-07-21,"wnd",1.41233333333333
2019-07-22,"airt",25.27739375
2019-07-22,"wtemp",32.0934615384615
2019-07-22,"swr",243.296041666667
2019-07-22,"wnd",1.63307692307692
2019-07-23,"airt",26.441525
2019-07-23,"wtemp",31.8225
2019-07-23,"swr",241.755625
2019-07-23,"wnd",1.523125
2019-07-24,"airt",24.96765
2019-07-24,"wtemp",31.4184848484848
2019-07-24,"swr",161.655
2019-07-24,"wnd",1.8330303030303
2019-07-25,"airt",23.79809375
2019-07-25,"wtemp",30.9118518518519
2019-07-25,"swr",128.286041666667
2019-07-25,"wnd",1.68814814814815
2019-07-26,"airt",24.1616333333333
2019-07-26,"wtemp",30.5623529411765
2019-07-26,"swr",111.039166666667
2019-07-26,"wnd",0.949117647058824
2019-07-27,"airt",25.2944770833333
2019-07-27,"wtemp",30.6414814814815
2019-07-27,"swr",192.865416666667
2019-07-27,"wnd",1.84518518518519
2019-07-28,"airt",25.4506083333333
2019-07-28,"wtemp",30.4789285714286
2019-07-28,"swr",251.823541666667
2019-07-28,"wnd",2.63678571428571
2019-07-29,"airt",25.80020625
2019-07-29,"wtemp",30.4391428571429
2019-07-29,"swr",222.384166666667
2019-07-29,"wnd",2.15971428571429
2019-07-30,"airt",26.7256395833333
2019-07-30,"wtemp",31.0589285714286
2019-07-30,"swr",303.102916666667
2019-07-30,"wnd",1.59142857142857
2019-07-31,"airt",27.16479375
2019-07-31,"wtemp",31.3796428571429
2019-07-31,"swr",247.815833333333
2019-07-31,"wnd",1.19
2019-08-01,"airt",25.1314354166667
2019-08-01,"wtemp",30.9354166666667
2019-08-01,"swr",202.319583333333
2019-08-01,"wnd",1.528
2019-08-02,"airt",25.24463125
2019-08-02,"wtemp",30.6504
2019-08-02,"swr",184.66375
2019-08-02,"wnd",2.4428
2019-08-03,"airt",26.40650625
2019-08-03,"wtemp",31.4324
2019-08-03,"swr",244.719583333333
2019-08-03,"wnd",1.1176
2019-08-04,"airt",28.3657875
2019-08-04,"wtemp",31.4825
2019-08-04,"swr",289.63375
2019-08-04,"wnd",1.1
2019-08-05,"airt",27.44444375
2019-08-05,"wtemp",31.4210714285714
2019-08-05,"swr",202.793333333333
2019-08-05,"wnd",NA
2019-08-06,"airt",27.2334083333333
2019-08-06,"wtemp",31.5862962962963
2019-08-06,"swr",284.331041666667
2019-08-06,"wnd",NA
2019-08-07,"airt",25.9692458333333
2019-08-07,"wtemp",31.1864
2019-08-07,"swr",176.843333333333
2019-08-07,"wnd",1.695
2019-08-08,"airt",27.4974979166667
2019-08-08,"wtemp",31.36
2019-08-08,"swr",234.766875
2019-08-08,"wnd",2.26307692307692
2019-08-09,"airt",28.2576958333333
2019-08-09,"wtemp",31.5445833333333
2019-08-09,"swr",272.48375
2019-08-09,"wnd",1.45979166666667
2019-08-10,"airt",29.2841208333333
2019-08-10,"wtemp",32.098
2019-08-10,"swr",272.184583333333
2019-08-10,"wnd",1.70914285714286
2019-08-11,"airt",28.7518958333333
2019-08-11,"wtemp",32.3446666666667
2019-08-11,"swr",271.925
2019-08-11,"wnd",1.95379310344828
2019-08-12,"airt",27.26839375
2019-08-12,"wtemp",32.6276923076923
2019-08-12,"swr",245.877083333333
2019-08-12,"wnd",1.32888888888889
2019-08-13,"airt",27.4667291666667
2019-08-13,"wtemp",32.7272
2019-08-13,"swr",259.417708333333
2019-08-13,"wnd",1.356
2019-08-14,"airt",27.8577625
2019-08-14,"wtemp",32.4706666666667
2019-08-14,"swr",274.664166666667
2019-08-14,"wnd",1.856
2019-08-15,"airt",26.1476625
2019-08-15,"wtemp",31.83
2019-08-15,"swr",144.463125
2019-08-15,"wnd",2.2928
2019-08-16,"airt",25.0270354166667
2019-08-16,"wtemp",31.1875
2019-08-16,"swr",90.9654166666667
2019-08-16,"wnd",2.77190476190476
2019-08-17,"airt",23.99555
2019-08-17,"wtemp",30.3284210526316
2019-08-17,"swr",60.4325
2019-08-17,"wnd",2.23947368421053
2019-08-18,"airt",24.503375
2019-08-18,"wtemp",29.9504545454545
2019-08-18,"swr",102.180833333333
2019-08-18,"wnd",1.88478260869565
2019-08-19,"airt",25.4913020833333
2019-08-19,"wtemp",30.2904166666667
2019-08-19,"swr",199.426458333333
2019-08-19,"wnd",NA
2019-08-20,"airt",26.0769604166667
2019-08-20,"wtemp",30.3604347826087
2019-08-20,"swr",227.914583333333
2019-08-20,"wnd",1.69
2019-08-21,"airt",26.25241875
2019-08-21,"wtemp",30.8154166666667
2019-08-21,"swr",225.598333333333
2019-08-21,"wnd",1.4856
2019-08-22,"airt",27.4246916666667
2019-08-22,"wtemp",31.6388
2019-08-22,"swr",285.907291666667
2019-08-22,"wnd",NA
2019-08-23,"airt",27.7782083333333
2019-08-23,"wtemp",31.332
2019-08-23,"swr",283.719375
2019-08-23,"wnd",1.7616
2019-08-24,"airt",27.6411520833333
2019-08-24,"wtemp",31.284
2019-08-24,"swr",236.959166666667
2019-08-24,"wnd",2.11269230769231
2019-08-25,"airt",26.7986916666667
2019-08-25,"wtemp",31.076
2019-08-25,"swr",217.058541666667
2019-08-25,"wnd",2.23
2019-08-26,"airt",26.8085875
2019-08-26,"wtemp",31.3254545454545
2019-08-26,"swr",244.603958333333
2019-08-26,"wnd",1.84086956521739
2019-08-27,"airt",25.4680020833333
2019-08-27,"wtemp",31.3945833333333
2019-08-27,"swr",229.005625
2019-08-27,"wnd",1.225
2019-08-28,"airt",26.9793270833333
2019-08-28,"wtemp",31.2752173913043
2019-08-28,"swr",230.274375
2019-08-28,"wnd",1.82285714285714
2019-08-29,"airt",27.79006875
2019-08-29,"wtemp",31.4004
2019-08-29,"swr",275.939166666667
2019-08-29,"wnd",2.716
2019-08-30,"airt",25.7102895833333
2019-08-30,"wtemp",30.8712
2019-08-30,"swr",169.194375
2019-08-30,"wnd",2.19346153846154
2019-08-31,"airt",27.4303125
2019-08-31,"wtemp",30.9556
2019-08-31,"swr",183.06
2019-08-31,"wnd",2.33615384615385
2019-09-01,"airt",26.5255520833333
2019-09-01,"wtemp",30.5325
2019-09-01,"swr",162.629375
2019-09-01,"wnd",2.1588
2019-09-02,"airt",26.7669895833333
2019-09-02,"wtemp",30.5584615384615
2019-09-02,"swr",217.761666666667
2019-09-02,"wnd",1.21
2019-09-03,"airt",26.6479104166667
2019-09-03,"wtemp",30.3461538461538
2019-09-03,"swr",213.07875
2019-09-03,"wnd",3.5552
2019-09-04,"airt",26.6084804347826
2019-09-04,"wtemp",29.7332
2019-09-04,"swr",124.114375
2019-09-04,"wnd",4.05
2019-09-05,"airt",28.46336875
2019-09-05,"wtemp",29.7232
2019-09-05,"swr",200.358312977022
2019-09-05,"wnd",NA
2019-09-06,"airt",28.5784020833333
2019-09-06,"wtemp",30.1972
2019-09-06,"swr",275.740416666667
2019-09-06,"wnd",NA
2019-09-07,"airt",26.9948479166667
2019-09-07,"wtemp",30.8773076923077
2019-09-07,"swr",276.047708333333
2019-09-07,"wnd",NA
2019-09-08,"airt",27.3395208333333
2019-09-08,"wtemp",31.2964
2019-09-08,"swr",280.517083333333
2019-09-08,"wnd",1.03772727272727
2019-09-09,"airt",27.8051765957447
2019-09-09,"wtemp",31.5984
2019-09-09,"swr",278.248125
2019-09-09,"wnd",1.1432
2019-09-10,"airt",27.4851416666667
2019-09-10,"wtemp",31.0254166666667
2019-09-10,"swr",243.719375
2019-09-10,"wnd",2.1404
2019-09-11,"airt",26.6876520833333
2019-09-11,"wtemp",30.7268
2019-09-11,"swr",245.622708333333
2019-09-11,"wnd",2.918
2019-09-12,"airt",26.6380416666667
2019-09-12,"wtemp",30.555
2019-09-12,"swr",239.49375
2019-09-12,"wnd",1.746
2019-09-13,"airt",26.5661395833333
2019-09-13,"wtemp",30.2995833333333
2019-09-13,"swr",180.722291666667
2019-09-13,"wnd",3.14583333333333
2019-09-14,"airt",26.7864291666667
2019-09-14,"wtemp",30.0704
2019-09-14,"swr",205.239375
2019-09-14,"wnd",4.092
2019-09-15,"airt",26.29643125
2019-09-15,"wtemp",30.0804166666667
2019-09-15,"swr",210.865
2019-09-15,"wnd",3.08875
2019-09-16,"airt",26.80555
2019-09-16,"wtemp",30.3008333333333
2019-09-16,"swr",232.417708333333
2019-09-16,"wnd",NA
2019-09-17,"airt",26.59835
2019-09-17,"wtemp",30.3848
2019-09-17,"swr",259.57875
2019-09-17,"wnd",2.0884
2019-09-18,"airt",24.955775
2019-09-18,"wtemp",30.23125
2019-09-18,"swr",202.158125
2019-09-18,"wnd",2.24347826086957
2019-09-19,"airt",24.7151895833333
2019-09-19,"wtemp",29.6669565217391
2019-09-19,"swr",215.3
2019-09-19,"wnd",3.5995652173913
2019-09-20,"airt",23.9727083333333
2019-09-20,"wtemp",29.3552173913043
2019-09-20,"swr",212.802083333333
2019-09-20,"wnd",3.21458333333333
2019-09-21,"airt",24.4331291666667
2019-09-21,"wtemp",29.0070833333333
2019-09-21,"swr",191.421041666667
2019-09-21,"wnd",3.06166666666667
2019-09-22,"airt",24.0039333333333
2019-09-22,"wtemp",28.8976
2019-09-22,"swr",242.224375
2019-09-22,"wnd",2.59166666666667
2019-09-23,"airt",23.9370666666667
2019-09-23,"wtemp",28.775
2019-09-23,"swr",222.454583333333
2019-09-23,"wnd",2.2296
2019-09-24,"airt",24.1566208333333
2019-09-24,"wtemp",29.0716666666667
2019-09-24,"swr",256.391875
2019-09-24,"wnd",1.62916666666667
2019-09-25,"airt",26.1697854166667
2019-09-25,"wtemp",29.3056
2019-09-25,"swr",247.945625
2019-09-25,"wnd",1.7224
2019-09-26,"airt",27.17274375
2019-09-26,"wtemp",29.4233333333333
2019-09-26,"swr",217.458958333333
2019-09-26,"wnd",1.9225
2019-09-27,"airt",27.1728291666667
2019-09-27,"wtemp",29.7136363636364
2019-09-27,"swr",211.93
2019-09-27,"wnd",1.83478260869565
2019-09-28,"airt",25.141925
2019-09-28,"wtemp",29.1579166666667
2019-09-28,"swr",149.186458333333
2019-09-28,"wnd",1.73
2019-09-29,"airt",24.6550291666667
2019-09-29,"wtemp",28.9884
2019-09-29,"swr",203.501666666667
2019-09-29,"wnd",2.57375
2019-09-30,"airt",26.3308208333333
2019-09-30,"wtemp",29.0134782608696
2019-09-30,"swr",186.90375
2019-09-30,"wnd",2.74916666666667
2019-10-01,"airt",26.1285604166667
2019-10-01,"wtemp",28.8904
2019-10-01,"swr",196.200208333333
2019-10-01,"wnd",3.005
2019-10-02,"airt",25.3666666666667
2019-10-02,"wtemp",28.8854166666667
2019-10-02,"swr",188.961458333333
2019-10-02,"wnd",2.694
2019-10-03,"airt",24.99431875
2019-10-03,"wtemp",28.9512
2019-10-03,"swr",204.355208333333
2019-10-03,"wnd",2.1696
2019-10-04,"airt",24.07346875
2019-10-04,"wtemp",29.2188
2019-10-04,"swr",197.315833333333
2019-10-04,"wnd",1.3624
2019-10-05,"airt",25.1843791666667
2019-10-05,"wtemp",28.71
2019-10-05,"swr",174.74375
2019-10-05,"wnd",2.91666666666667
2019-10-06,"airt",25.3502416666667
2019-10-06,"wtemp",28.380303030303
2019-10-06,"swr",122.784583333333
2019-10-06,"wnd",2.55606060606061
2019-10-07,"airt",23.6635166666667
2019-10-07,"wtemp",28.233125
2019-10-07,"swr",121.384166666667
2019-10-07,"wnd",2.01933333333333
2019-10-08,"airt",24.48841875
2019-10-08,"wtemp",27.8833333333333
2019-10-08,"swr",123.745
2019-10-08,"wnd",1.94384615384615
2019-10-09,"airt",24.1399020833333
2019-10-09,"wtemp",27.7266666666667
2019-10-09,"swr",156.837291666667
2019-10-09,"wnd",2.09583333333333
2019-10-10,"airt",23.3672125
2019-10-10,"wtemp",27.495
2019-10-10,"swr",190.635
2019-10-10,"wnd",2.640625
2019-10-11,"airt",22.8481854166667
2019-10-11,"wtemp",27.3141666666667
2019-10-11,"swr",218.971041666667
2019-10-11,"wnd",1.949375
2019-10-12,"airt",22.02674375
2019-10-12,"wtemp",27.2945833333333
2019-10-12,"swr",192.178541666667
2019-10-12,"wnd",0.917291666666667
2019-10-13,"airt",23.2945979166667
2019-10-13,"wtemp",27.3847916666667
2019-10-13,"swr",218.116041666667
2019-10-13,"wnd",0.791875
2019-10-14,"airt",23.9240729166667
2019-10-14,"wtemp",27.52875
2019-10-14,"swr",174.136041666667
2019-10-14,"wnd",0.766458333333333
2019-10-15,"airt",24.7617916666667
2019-10-15,"wtemp",27.451875
2019-10-15,"swr",177.825416666667
2019-10-15,"wnd",1.02854166666667
2019-10-16,"airt",25.3765604166667
2019-10-16,"wtemp",27.2966666666667
2019-10-16,"swr",126.113125
2019-10-16,"wnd",2.18854166666667
2019-10-17,"airt",21.0120666666667
2019-10-17,"wtemp",27.0766666666667
2019-10-17,"swr",163.29875
2019-10-17,"wnd",1.23395833333333
2019-10-18,"airt",17.8962083333333
2019-10-18,"wtemp",26.4708333333333
2019-10-18,"swr",71.5527083333333
2019-10-18,"wnd",0.838125
2019-10-19,"airt",22.81851875
2019-10-19,"wtemp",25.935
2019-10-19,"swr",64.3097916666667
2019-10-19,"wnd",2.32333333333333
2019-10-20,"airt",24.9950583333333
2019-10-20,"wtemp",26.0379166666667
2019-10-20,"swr",204.360625
2019-10-20,"wnd",2.28851063829787
2019-10-21,"airt",21.61159375
2019-10-21,"wtemp",26.1129166666667
2019-10-21,"swr",67.3060416666667
2019-10-21,"wnd",0.764705882352941
2019-10-22,"airt",25.6030645833333
2019-10-22,"wtemp",25.9488235294118
2019-10-22,"swr",141.581458333333
2019-10-22,"wnd",1.54757575757576
2019-10-27,"airt",24.7923979166667
2019-10-27,"wtemp",25.9540625
2019-10-27,"swr",88.785
2019-10-27,"wnd",NA
2019-10-28,"airt",24.4781666666667
2019-10-28,"wtemp",26.4741666666667
2019-10-28,"swr",170.84875
2019-10-28,"wnd",NA
2019-10-29,"airt",26.267125
2019-10-29,"wtemp",27.3441666666667
2019-10-29,"swr",133.147916666667
2019-10-29,"wnd",NA
2019-10-30,"airt",25.64245625
2019-10-30,"wtemp",27.318125
2019-10-30,"swr",151.563333333333
2019-10-30,"wnd",NA
2019-10-31,"airt",26.22100625
2019-10-31,"wtemp",27.3941666666667
2019-10-31,"swr",150.264583333333
2019-10-31,"wnd",NA
2020-05-01,"airt",18.9642083333333
2020-05-01,"wtemp",25.6189583333333
2020-05-01,"swr",337.888541666667
2020-05-01,"wnd",1.51520833333333
2020-05-02,"airt",19.4091125
2020-05-02,"wtemp",26.0477083333333
2020-05-02,"swr",333.745208333333
2020-05-02,"wnd",0.703125
2020-05-03,"airt",21.9933270833333
2020-05-03,"wtemp",26.2883333333333
2020-05-03,"swr",324.75125
2020-05-03,"wnd",0.901875
2020-05-04,"airt",22.6203145833333
2020-05-04,"wtemp",26.6314583333333
2020-05-04,"swr",326.155208333333
2020-05-04,"wnd",1.30208333333333
2020-05-05,"airt",22.7809020833333
2020-05-05,"wtemp",26.6577083333333
2020-05-05,"swr",249.857291666667
2020-05-05,"wnd",1.57604166666667
2020-05-06,"airt",23.6938895833333
2020-05-06,"wtemp",26.7214583333333
2020-05-06,"swr",269.726458333333
2020-05-06,"wnd",1.77333333333333
2020-05-07,"airt",18.2911291666667
2020-05-07,"wtemp",26.3347916666667
2020-05-07,"swr",332.699375
2020-05-07,"wnd",2.26604166666667
2020-05-08,"airt",17.2959854166667
2020-05-08,"wtemp",25.846875
2020-05-08,"swr",339.17375
2020-05-08,"wnd",1.81145833333333
2020-05-09,"airt",20.94353125
2020-05-09,"wtemp",25.7270833333333
2020-05-09,"swr",283.736666666667
2020-05-09,"wnd",1.9975
2020-05-10,"airt",18.6013895833333
2020-05-10,"wtemp",25.44
2020-05-10,"swr",138.278125
2020-05-10,"wnd",1.84833333333333
2020-05-11,"airt",21.1217083333333
2020-05-11,"wtemp",25.4241666666667
2020-05-11,"swr",307.199791666667
2020-05-11,"wnd",1.24354166666667
2020-05-12,"airt",19.79611875
2020-05-12,"wtemp",25.6116666666667
2020-05-12,"swr",333.527708333333
2020-05-12,"wnd",1.679375
2020-05-13,"airt",20.3947895833333
2020-05-13,"wtemp",25.5327083333333
2020-05-13,"swr",282.782708333333
2020-05-13,"wnd",1.66604166666667
2020-05-14,"airt",22.4017395833333
2020-05-14,"wtemp",25.5839583333333
2020-05-14,"swr",283.257083333333
2020-05-14,"wnd",2.15958333333333
2020-05-15,"airt",22.50468125
2020-05-15,"wtemp",25.7304166666667
2020-05-15,"swr",258.404791666667
2020-05-15,"wnd",2.28692307692308
2020-05-16,"airt",24.0261520833333
2020-05-16,"wtemp",26.0022916666667
2020-05-16,"swr",241.944375
2020-05-16,"wnd",2.38979166666667
2020-05-17,"airt",24.9241270833333
2020-05-17,"wtemp",26.596875
2020-05-17,"swr",227.419166666667
2020-05-17,"wnd",1.64145833333333
2020-05-18,"airt",24.9105604166667
2020-05-18,"wtemp",26.9489583333333
2020-05-18,"swr",196.211458333333
2020-05-18,"wnd",1.91895833333333
2020-05-19,"airt",25.4151979166667
2020-05-19,"wtemp",26.7279166666667
2020-05-19,"swr",298.298333333333
2020-05-19,"wnd",2.41520833333333
2020-05-20,"airt",24.9299041666667
2020-05-20,"wtemp",27.06125
2020-05-20,"swr",284.05375
2020-05-20,"wnd",1.90958333333333
2020-05-21,"airt",25.7067479166667
2020-05-21,"wtemp",27.473125
2020-05-21,"swr",301.562708333333
2020-05-21,"wnd",1.50666666666667
2020-05-22,"airt",26.3002458333333
2020-05-22,"wtemp",28.0802083333333
2020-05-22,"swr",328.150625
2020-05-22,"wnd",1.65520833333333
2020-05-23,"airt",26.4161125
2020-05-23,"wtemp",28.54875
2020-05-23,"swr",301.270625
2020-05-23,"wnd",1.35979166666667
2020-05-24,"airt",26.0777458333333
2020-05-24,"wtemp",28.59375
2020-05-24,"swr",221.610625
2020-05-24,"wnd",1.74708333333333
2020-05-25,"airt",24.4160104166667
2020-05-25,"wtemp",28.2595833333333
2020-05-25,"swr",102.680833333333
2020-05-25,"wnd",1.78729166666667
2020-05-26,"airt",24.1844770833333
2020-05-26,"wtemp",27.8091666666667
2020-05-26,"swr",140.74625
2020-05-26,"wnd",1.98041666666667
2020-05-27,"airt",25.2027520833333
2020-05-27,"wtemp",28.0802083333333
2020-05-27,"swr",194.878333333333
2020-05-27,"wnd",0.929
2020-05-28,"airt",24.5908208333333
2020-05-28,"wtemp",28.37875
2020-05-28,"swr",182.48375
2020-05-28,"wnd",1.02916666666667
2020-05-29,"airt",24.1539833333333
2020-05-29,"wtemp",28.1985416666667
2020-05-29,"swr",190.017708333333
2020-05-29,"wnd",1.463125
2020-05-30,"airt",25.3909979166667
2020-05-30,"wtemp",28.5775
2020-05-30,"swr",246.116041666667
2020-05-30,"wnd",1.08541666666667
2020-05-31,"airt",27.0189895833333
2020-05-31,"wtemp",29.4116666666667
2020-05-31,"swr",305.145208333333
2020-05-31,"wnd",1.3575
2020-06-01,"airt",25.67346875
2020-06-01,"wtemp",29.5308333333333
2020-06-01,"swr",249.396666666667
2020-06-01,"wnd",2.16270833333333
2020-06-02,"airt",24.9186020833333
2020-06-02,"wtemp",28.9108333333333
2020-06-02,"swr",243.692708333333
2020-06-02,"wnd",2.04416666666667
2020-06-03,"airt",23.7007833333333
2020-06-03,"wtemp",28.8520833333333
2020-06-03,"swr",223.762083333333
2020-06-03,"wnd",0.98125
2020-06-04,"airt",23.2228104166667
2020-06-04,"wtemp",28.604375
2020-06-04,"swr",121.351041666667
2020-06-04,"wnd",1.10104166666667
2020-06-05,"airt",24.27101875
2020-06-05,"wtemp",28.38125
2020-06-05,"swr",129.766041666667
2020-06-05,"wnd",1.03791666666667
2020-06-06,"airt",24.1081625
2020-06-06,"wtemp",28.203125
2020-06-06,"swr",89.10625
2020-06-06,"wnd",1.19416666666667
2020-06-07,"airt",24.1191854166667
2020-06-07,"wtemp",27.8125
2020-06-07,"swr",60.4510416666667
2020-06-07,"wnd",1.23229166666667
2020-06-08,"airt",25.6785395833333
2020-06-08,"wtemp",27.901875
2020-06-08,"swr",145.21625
2020-06-08,"wnd",1.38854166666667
2020-06-09,"airt",26.3657395833333
2020-06-09,"wtemp",28.8133333333333
2020-06-09,"swr",168.769375
2020-06-09,"wnd",0.514791666666667
2020-06-10,"airt",25.8987645833333
2020-06-10,"wtemp",28.999375
2020-06-10,"swr",248.965416666667
2020-06-10,"wnd",0.885208333333333
2020-06-11,"airt",25.4084666666667
2020-06-11,"wtemp",29.31
2020-06-11,"swr",233.249375
2020-06-11,"wnd",0.815625
2020-06-12,"airt",26.4672270833333
2020-06-12,"wtemp",29.5552083333333
2020-06-12,"swr",228.580833333333
2020-06-12,"wnd",1.19041666666667
2020-06-13,"airt",24.32689375
2020-06-13,"wtemp",29.4091666666667
2020-06-13,"swr",261.703125
2020-06-13,"wnd",1.92875
2020-06-14,"airt",24.9576354166667
2020-06-14,"wtemp",29.329375
2020-06-14,"swr",237.685
2020-06-14,"wnd",1.700625
2020-06-15,"airt",24.8071520833333
2020-06-15,"wtemp",29.3354054054054
2020-06-15,"swr",326.262083333333
2020-06-15,"wnd",1.59837837837838
2020-06-16,"airt",23.602375
2020-06-16,"wtemp",29.2939583333333
2020-06-16,"swr",325.847291666667
2020-06-16,"wnd",1.24833333333333
2020-06-17,"airt",22.8210375
2020-06-17,"wtemp",29.515
2020-06-17,"swr",295.742916666667
2020-06-17,"wnd",NA
2020-06-18,"airt",24.9780333333333
2020-06-18,"wtemp",29.8039583333333
2020-06-18,"swr",292.282291666667
2020-06-18,"wnd",NA
2020-06-19,"airt",25.57855625
2020-06-19,"wtemp",30.2135416666667
2020-06-19,"swr",279.563125
2020-06-19,"wnd",NA
2020-06-20,"airt",25.1751166666667
2020-06-20,"wtemp",30.2683333333333
2020-06-20,"swr",277.188125
2020-06-20,"wnd",NA
2020-06-21,"airt",26.9955083333333
2020-06-21,"wtemp",30.67875
2020-06-21,"swr",325.053958333333
2020-06-21,"wnd",NA
2020-06-22,"airt",26.39408125
2020-06-22,"wtemp",30.8152083333333
2020-06-22,"swr",328.106458333333
2020-06-22,"wnd",NA
2020-06-23,"airt",26.1685583333333
2020-06-23,"wtemp",30.6702083333333
2020-06-23,"swr",238.685416666667
2020-06-23,"wnd",NA
2020-06-24,"airt",27.8064354166667
2020-06-24,"wtemp",30.6716666666667
2020-06-24,"swr",279.881041666667
2020-06-24,"wnd",NA
2020-06-25,"airt",27.4787854166667
2020-06-25,"wtemp",31.1635416666667
2020-06-25,"swr",290.962916666667
2020-06-25,"wnd",1.39176470588235
2020-06-26,"airt",28.020525
2020-06-26,"wtemp",31.56125
2020-06-26,"swr",264.17375
2020-06-26,"wnd",1.11729166666667
2020-06-27,"airt",27.4332916666667
2020-06-27,"wtemp",31.5510416666667
2020-06-27,"swr",209.448125
2020-06-27,"wnd",0.735
2020-06-28,"airt",27.4447583333333
2020-06-28,"wtemp",31.3127083333333
2020-06-28,"swr",223.102083333333
2020-06-28,"wnd",1.21041666666667
2020-06-29,"airt",28.6237708333333
2020-06-29,"wtemp",31.6839583333333
2020-06-29,"swr",309.340625
2020-06-29,"wnd",1.35395833333333
2020-06-30,"airt",28.2283791666667
2020-06-30,"wtemp",31.9166666666667
2020-06-30,"swr",274.054375
2020-06-30,"wnd",1.3325
2020-07-01,"airt",26.3846541666667
2020-07-01,"wtemp",31.6716666666667
2020-07-01,"swr",202.016875
2020-07-01,"wnd",1.57979166666667
2020-07-02,"airt",25.8844333333333
2020-07-02,"wtemp",31.3554166666667
2020-07-02,"swr",240.121875
2020-07-02,"wnd",1.418125
2020-07-03,"airt",26.7304229166667
2020-07-03,"wtemp",31.4535416666667
2020-07-03,"swr",209.41125
2020-07-03,"wnd",1.00166666666667
2020-07-04,"airt",24.7333208333333
2020-07-04,"wtemp",31.278125
2020-07-04,"swr",181.468958333333
2020-07-04,"wnd",0.9075
2020-07-05,"airt",25.14745625
2020-07-05,"wtemp",30.890625
2020-07-05,"swr",135.27625
2020-07-05,"wnd",1.38458333333333
2020-07-06,"airt",25.1425458333333
2020-07-06,"wtemp",30.591875
2020-07-06,"swr",170.730833333333
2020-07-06,"wnd",1.60729166666667
2020-07-07,"airt",25.846925
2020-07-07,"wtemp",30.3129166666667
2020-07-07,"swr",183.751458333333
2020-07-07,"wnd",1.93854166666667
2020-07-08,"airt",27.0452125
2020-07-08,"wtemp",30.2720833333333
2020-07-08,"swr",206.936666666667
2020-07-08,"wnd",2.00375
2020-07-09,"airt",28.1817895833333
2020-07-09,"wtemp",30.5608333333333
2020-07-09,"swr",271.762916666667
2020-07-09,"wnd",1.54229166666667
2020-07-10,"airt",29.0949104166667
2020-07-10,"wtemp",31.1933333333333
2020-07-10,"swr",281.706458333333
2020-07-10,"wnd",0.699285714285714
2020-07-11,"airt",28.06520625
2020-07-11,"wtemp",31.4554166666667
2020-07-11,"swr",285.088125
2020-07-11,"wnd",NA
2020-07-12,"airt",28.4637104166667
2020-07-12,"wtemp",31.7097916666667
2020-07-12,"swr",325.416041666667
2020-07-12,"wnd",1.77666666666667
2020-07-13,"airt",27.97765625
2020-07-13,"wtemp",31.7333333333333
2020-07-13,"swr",281.910208333333
2020-07-13,"wnd",1.784375
2020-07-14,"airt",28.8578770833333
2020-07-14,"wtemp",31.8208333333333
2020-07-14,"swr",271.3375
2020-07-14,"wnd",1.501875
2020-07-15,"airt",25.8516411764706
2020-07-15,"wtemp",31.9023529411765
2020-07-15,"swr",113.244081540671
2020-07-15,"wnd",1.27791666666667
2020-07-16,"airt",23.796859375
2020-07-16,"wtemp",31.9323404255319
2020-07-16,"swr",232.684250725654
2020-07-16,"wnd",1.50875
2020-07-19,"airt",30.9867869565217
2020-07-19,"wtemp",31.9133333333333
2020-07-19,"swr",264.875416666667
2020-07-19,"wnd",1.17291666666667
2020-07-20,"airt",27.8330583333333
2020-07-20,"wtemp",31.9958333333333
2020-07-20,"swr",285.695833333333
2020-07-20,"wnd",1.29479166666667
2020-07-21,"airt",27.84233125
2020-07-21,"wtemp",32.0227083333333
2020-07-21,"swr",274.87125
2020-07-21,"wnd",1.17604166666667
2020-07-22,"airt",26.9508958333333
2020-07-22,"wtemp",31.855625
2020-07-22,"swr",207.290416666667
2020-07-22,"wnd",1.38979166666667
2020-07-23,"airt",26.21683125
2020-07-23,"wtemp",31.536875
2020-07-23,"swr",120.691458333333
2020-07-23,"wnd",1.20291666666667
2020-07-24,"airt",27.2285125
2020-07-24,"wtemp",31.4204166666667
2020-07-24,"swr",255.836458333333
2020-07-24,"wnd",1.56583333333333
2020-07-25,"airt",28.1793229166667
2020-07-25,"wtemp",31.4525
2020-07-25,"swr",276.055
2020-07-25,"wnd",1.68791666666667
2020-07-26,"airt",27.09305
2020-07-26,"wtemp",31.638125
2020-07-26,"swr",310.997708333333
2020-07-26,"wnd",1.27229166666667
2020-07-27,"airt",26.3536583333333
2020-07-27,"wtemp",31.6814583333333
2020-07-27,"swr",215.912291666667
2020-07-27,"wnd",1.110625
2020-07-28,"airt",26.759125
2020-07-28,"wtemp",31.5460416666667
2020-07-28,"swr",221.600208333333
2020-07-28,"wnd",1.685
2020-07-29,"airt",25.4724520833333
2020-07-29,"wtemp",31.2839583333333
2020-07-29,"swr",180.103333333333
2020-07-29,"wnd",1.32916666666667
2020-07-30,"airt",26.5921645833333
2020-07-30,"wtemp",31.17125
2020-07-30,"swr",192.12125
2020-07-30,"wnd",1.47041666666667
2020-07-31,"airt",25.8803333333333
2020-07-31,"wtemp",31.1937931034483
2020-07-31,"swr",163.563540876762
2020-07-31,"wnd",0.564285714285714
2020-08-01,"airt",28.6580659574468
2020-08-01,"wtemp",32.0695744680851
2020-08-01,"swr",248.3338144437
2020-08-01,"wnd",1.83
2020-08-02,"airt",26.7645479166667
2020-08-02,"wtemp",31.970625
2020-08-02,"swr",234.564375
2020-08-02,"wnd",1.58541666666667
2020-08-03,"airt",28.28295625
2020-08-03,"wtemp",31.7477083333333
2020-08-03,"swr",260.769375
2020-08-03,"wnd",2.07979166666667
2020-08-04,"airt",29.5026895833333
2020-08-04,"wtemp",32.1729166666667
2020-08-04,"swr",301.316666666667
2020-08-04,"wnd",1.40458333333333
2020-08-05,"airt",27.6351166666667
2020-08-05,"wtemp",32.3
2020-08-05,"swr",279.25125
2020-08-05,"wnd",1.39541666666667
2020-08-06,"airt",26.8792208333333
2020-08-06,"wtemp",32.3147916666667
2020-08-06,"swr",243.959375
2020-08-06,"wnd",1.13
2020-08-07,"airt",25.38251875
2020-08-07,"wtemp",32.0102083333333
2020-08-07,"swr",184.83
2020-08-07,"wnd",1.01166666666667
2020-08-08,"airt",26.1894729166667
2020-08-08,"wtemp",31.834375
2020-08-08,"swr",210.311041666667
2020-08-08,"wnd",0.94875
2020-08-09,"airt",27.9759125
2020-08-09,"wtemp",32.1883333333333
2020-08-09,"swr",280.101458333333
2020-08-09,"wnd",1.02604166666667
2020-08-10,"airt",27.4617770833333
2020-08-10,"wtemp",32.1945833333333
2020-08-10,"swr",300.637708333333
2020-08-10,"wnd",1.216875
2020-08-11,"airt",24.9625666666667
2020-08-11,"wtemp",31.8433333333333
2020-08-11,"swr",154.911041666667
2020-08-11,"wnd",1.05145833333333
2020-08-12,"airt",26.1640104166667
2020-08-12,"wtemp",31.6366666666667
2020-08-12,"swr",239.030625
2020-08-12,"wnd",0.993125
2020-08-13,"airt",27.0750520833333
2020-08-13,"wtemp",31.800625
2020-08-13,"swr",234.045
2020-08-13,"wnd",1.04666666666667
2020-08-14,"airt",27.3718625
2020-08-14,"wtemp",31.8310416666667
2020-08-14,"swr",274.2425
2020-08-14,"wnd",1.26571428571429
2020-08-15,"airt",26.16864375
2020-08-15,"wtemp",31.775625
2020-08-15,"swr",196.297916666667
2020-08-15,"wnd",NA
2020-08-16,"airt",28.0713375
2020-08-16,"wtemp",31.7952083333333
2020-08-16,"swr",248.724375
2020-08-16,"wnd",2.58142857142857
2020-08-17,"airt",27.1316125
2020-08-17,"wtemp",31.963125
2020-08-17,"swr",206.92
2020-08-17,"wnd",0.909791666666667
2020-08-18,"airt",26.0496875
2020-08-18,"wtemp",31.6127083333333
2020-08-18,"swr",171.725
2020-08-18,"wnd",1.231875
2020-08-19,"airt",24.6625875
2020-08-19,"wtemp",31.1383333333333
2020-08-19,"swr",198.942916666667
2020-08-19,"wnd",1.36104166666667
2020-08-20,"airt",25.7950145833333
2020-08-20,"wtemp",31.0435416666667
2020-08-20,"swr",145.168541666667
2020-08-20,"wnd",0.919791666666667
2020-08-21,"airt",24.2996541666667
2020-08-21,"wtemp",30.5864583333333
2020-08-21,"swr",161.623333333333
2020-08-21,"wnd",1.71270833333333
2020-08-22,"airt",25.0224
2020-08-22,"wtemp",30.2464583333333
2020-08-22,"swr",136.444583333333
2020-08-22,"wnd",1.03125
2020-08-23,"airt",26.2457125
2020-08-23,"wtemp",30.2935416666667
2020-08-23,"swr",203.561458333333
2020-08-23,"wnd",1.23083333333333
2020-08-24,"airt",27.9528145833333
2020-08-24,"wtemp",30.4820833333333
2020-08-24,"swr",217.850833333333
2020-08-24,"wnd",1.779375
2020-08-25,"airt",29.2385541666667
2020-08-25,"wtemp",30.7802083333333
2020-08-25,"swr",236.399375
2020-08-25,"wnd",1.7168085106383
2020-08-26,"airt",28.7920791666667
2020-08-26,"wtemp",31.0589583333333
2020-08-26,"swr",233.825416666667
2020-08-26,"wnd",1.44854166666667
2020-08-27,"airt",27.71060625
2020-08-27,"wtemp",31.1802083333333
2020-08-27,"swr",224.582708333333
2020-08-27,"wnd",1.36208333333333
2020-08-28,"airt",26.9094895833333
2020-08-28,"wtemp",31.2685416666667
2020-08-28,"swr",183.659166666667
2020-08-28,"wnd",0.916875
2020-08-29,"airt",26.7048645833333
2020-08-29,"wtemp",31.2022916666667
2020-08-29,"swr",165.257291666667
2020-08-29,"wnd",1.294375
2020-08-30,"airt",25.4281375
2020-08-30,"wtemp",30.9052083333333
2020-08-30,"swr",170.759791666667
2020-08-30,"wnd",1.72270833333333
2020-08-31,"airt",25.5333541666667
2020-08-31,"wtemp",30.7179166666667
2020-08-31,"swr",134.332708333333
2020-08-31,"wnd",1.35541666666667
2020-09-01,"airt",26.59321875
2020-09-01,"wtemp",30.6654166666667
2020-09-01,"swr",187.160833333333
2020-09-01,"wnd",1.55708333333333
2020-09-02,"airt",27.8546479166667
2020-09-02,"wtemp",31.335625
2020-09-02,"swr",269.833333333333
2020-09-02,"wnd",0.764791666666667
2020-09-03,"airt",28.51264375
2020-09-03,"wtemp",31.9747916666667
2020-09-03,"swr",269.317291666667
2020-09-03,"wnd",1.11958333333333
2020-09-04,"airt",28.2877645833333
2020-09-04,"wtemp",31.968125
2020-09-04,"swr",226.063958333333
2020-09-04,"wnd",1.01770833333333
2020-09-05,"airt",28.838375
2020-09-05,"wtemp",31.9920833333333
2020-09-05,"swr",228.608125
2020-09-05,"wnd",0.844583333333333
2020-09-06,"airt",27.3054979166667
2020-09-06,"wtemp",31.87125
2020-09-06,"swr",210.357708333333
2020-09-06,"wnd",0.997916666666667
2020-09-07,"airt",25.4865166666667
2020-09-07,"wtemp",31.388125
2020-09-07,"swr",143.306041666667
2020-09-07,"wnd",1.55520833333333
2020-09-08,"airt",25.3523041666667
2020-09-08,"wtemp",31.0120833333333
2020-09-08,"swr",176.66875
2020-09-08,"wnd",1.62229166666667
2020-09-09,"airt",25.9127541666667
2020-09-09,"wtemp",30.9052083333333
2020-09-09,"swr",210.231666666667
2020-09-09,"wnd",1.28854166666667
2020-09-10,"airt",25.9558416666667
2020-09-10,"wtemp",30.8280555555556
2020-09-10,"swr",176.074166666667
2020-09-10,"wnd",0.701666666666667
2020-09-11,"airt",26.35945625
2020-09-11,"wtemp",30.6914583333333
2020-09-11,"swr",137.88125
2020-09-11,"wnd",0.464285714285714
2020-09-12,"airt",26.1850145833333
2020-09-12,"wtemp",30.493125
2020-09-12,"swr",168.12125
2020-09-12,"wnd",NA
2020-09-13,"airt",26.0663229166667
2020-09-13,"wtemp",30.3083333333333
2020-09-13,"swr",154.923958333333
2020-09-13,"wnd",NA
2020-09-14,"airt",25.96298125
2020-09-14,"wtemp",30.286875
2020-09-14,"swr",200.630416666667
2020-09-14,"wnd",NA
2020-09-15,"airt",25.9075125
2020-09-15,"wtemp",30.1508333333333
2020-09-15,"swr",95.1297916666667
2020-09-15,"wnd",NA
2020-09-16,"airt",26.4651666666667
2020-09-16,"wtemp",30.0070833333333
2020-09-16,"swr",138.744166666667
2020-09-16,"wnd",NA
2020-09-17,"airt",26.15655
2020-09-17,"wtemp",29.7629166666667
2020-09-17,"swr",121.095833333333
2020-09-17,"wnd",NA
2020-09-18,"airt",26.2664229166667
2020-09-18,"wtemp",29.6658333333333
2020-09-18,"swr",216.605625
2020-09-18,"wnd",NA
2020-09-19,"airt",23.7040041666667
2020-09-19,"wtemp",29.37625
2020-09-19,"swr",71.7435416666667
2020-09-19,"wnd",NA
2020-09-20,"airt",22.19259375
2020-09-20,"wtemp",28.5045833333333
2020-09-20,"swr",44.1720833333333
2020-09-20,"wnd",NA
2020-09-21,"airt",24.0929770833333
2020-09-21,"wtemp",27.6747916666667
2020-09-21,"swr",156.582708333333
2020-09-21,"wnd",NA
2020-09-22,"airt",23.41246875
2020-09-22,"wtemp",27.2727083333333
2020-09-22,"swr",180.96625
2020-09-22,"wnd",NA
2020-09-23,"airt",22.6610458333333
2020-09-23,"wtemp",27.1666666666667
2020-09-23,"swr",183.513541666667
2020-09-23,"wnd",NA
2020-09-24,"airt",24.4900541666667
2020-09-24,"wtemp",27.2276595744681
2020-09-24,"swr",215.325625
2020-09-24,"wnd",NA
2020-09-25,"airt",26.7902270833333
2020-09-25,"wtemp",28.0414583333333
2020-09-25,"swr",228.946666666667
2020-09-25,"wnd",NA
2020-09-26,"airt",26.5482041666667
2020-09-26,"wtemp",28.7304166666667
2020-09-26,"swr",196.955
2020-09-26,"wnd",NA
2020-09-27,"airt",25.3250625
2020-09-27,"wtemp",28.6904166666667
2020-09-27,"swr",102.3225
2020-09-27,"wnd",NA
2020-09-28,"airt",24.6613979166667
2020-09-28,"wtemp",28.14125
2020-09-28,"swr",100.860625
2020-09-28,"wnd",NA
2020-09-29,"airt",25.1125541666667
2020-09-29,"wtemp",28.0477083333333
2020-09-29,"swr",128.93625
2020-09-29,"wnd",NA
2020-09-30,"airt",19.0698833333333
2020-09-30,"wtemp",27.5745833333333
2020-09-30,"swr",225.601041666667
2020-09-30,"wnd",NA
2020-10-01,"airt",18.7520625
2020-10-01,"wtemp",27.279375
2020-10-01,"swr",124.034
2020-10-01,"wnd",1.0764
2020-10-02,"airt",19.5043770833333
2020-10-02,"wtemp",26.8583333333333
2020-10-02,"swr",NA
2020-10-02,"wnd",1.06
2020-10-03,"airt",19.7750041666667
2020-10-03,"wtemp",26.3254166666667
2020-10-03,"swr",NA
2020-10-03,"wnd",1.97541666666667
2020-10-04,"airt",19.7611270833333
2020-10-04,"wtemp",25.7102083333333
2020-10-04,"swr",NA
2020-10-04,"wnd",1.94083333333333
2020-10-05,"airt",21.3914854166667
2020-10-05,"wtemp",25.1991666666667
2020-10-05,"swr",NA
2020-10-05,"wnd",2.11083333333333
2020-10-06,"airt",25.0657166666667
2020-10-06,"wtemp",25.5564583333333
2020-10-06,"swr",NA
2020-10-06,"wnd",1.71020833333333
2020-10-07,"airt",25.59064375
2020-10-07,"wtemp",26.65125
2020-10-07,"swr",NA
2020-10-07,"wnd",1.5225
2020-10-08,"airt",25.30626875
2020-10-08,"wtemp",27.1716666666667
2020-10-08,"swr",NA
2020-10-08,"wnd",0.882083333333333
2020-10-09,"airt",25.6485645833333
2020-10-09,"wtemp",27.13625
2020-10-09,"swr",NA
2020-10-09,"wnd",1.20145833333333
2020-10-10,"airt",25.6757020833333
2020-10-10,"wtemp",27.2827083333333
2020-10-10,"swr",NA
2020-10-10,"wnd",1.506875
2020-10-11,"airt",25.9989666666667
2020-10-11,"wtemp",27.5464583333333
2020-10-11,"swr",NA
2020-10-11,"wnd",2.01129032258065
2020-10-12,"airt",24.1039104166667
2020-10-12,"wtemp",27.493125
2020-10-12,"swr",NA
2020-10-12,"wnd",1.08083333333333
2020-10-13,"airt",24.165875
2020-10-13,"wtemp",27.578125
2020-10-13,"swr",NA
2020-10-13,"wnd",0.9225
2020-10-14,"airt",24.6706479166667
2020-10-14,"wtemp",27.9377083333333
2020-10-14,"swr",NA
2020-10-14,"wnd",0.5695
2020-10-15,"airt",24.4924458333333
2020-10-15,"wtemp",28.0695833333333
2020-10-15,"swr",NA
2020-10-15,"wnd",NA
2020-10-16,"airt",24.2730604166667
2020-10-16,"wtemp",28.07
2020-10-16,"swr",NA
2020-10-16,"wnd",NA
2020-10-17,"airt",22.07335625
2020-10-17,"wtemp",27.5829166666667
2020-10-17,"swr",NA
2020-10-17,"wnd",NA
2020-10-18,"airt",21.5976
2020-10-18,"wtemp",27.39
2020-10-18,"swr",NA
2020-10-18,"wnd",NA
2020-10-19,"airt",23.7206553191489
2020-10-19,"wtemp",26.8895744680851
2020-10-19,"swr",NA
2020-10-19,"wnd",NA
2020-10-20,"airt",24.41750625
2020-10-20,"wtemp",26.8279166666667
2020-10-20,"swr",NA
2020-10-20,"wnd",2.55388888888889
2020-10-21,"airt",24.2447479166667
2020-10-21,"wtemp",26.7625
2020-10-21,"swr",NA
2020-10-21,"wnd",1.53770833333333
2020-10-22,"airt",23.6767673913043
2020-10-22,"wtemp",26.7135416666667
2020-10-22,"swr",NA
2020-10-22,"wnd",1.65291666666667
2020-10-23,"airt",23.2688083333333
2020-10-23,"wtemp",26.7572916666667
2020-10-23,"swr",NA
2020-10-23,"wnd",1.22833333333333
2020-10-24,"airt",23.5498166666667
2020-10-24,"wtemp",26.848125
2020-10-24,"swr",NA
2020-10-24,"wnd",0.880208333333333
2020-10-25,"airt",24.83408125
2020-10-25,"wtemp",27.1325
2020-10-25,"swr",NA
2020-10-25,"wnd",0.777708333333333
2020-10-26,"airt",24.4388645833333
2020-10-26,"wtemp",27.1833333333333
2020-10-26,"swr",NA
2020-10-26,"wnd",1.43958333333333
2020-10-27,"airt",25.4974520833333
2020-10-27,"wtemp",27.19625
2020-10-27,"swr",NA
2020-10-27,"wnd",1.39791666666667
2020-10-28,"airt",25.7941166666667
2020-10-28,"wtemp",27.316875
2020-10-28,"swr",NA
2020-10-28,"wnd",1.238125
2020-10-29,"airt",26.2422020833333
2020-10-29,"wtemp",27.3570833333333
2020-10-29,"swr",NA
2020-10-29,"wnd",2.88833333333333
2020-10-30,"airt",19.1750729166667
2020-10-30,"wtemp",27.0414583333333
2020-10-30,"swr",NA
2020-10-30,"wnd",1.76958333333333
2020-10-31,"airt",18.8749604166667
2020-10-31,"wtemp",26.4197872340426
2020-10-31,"swr",NA
2020-10-31,"wnd",1.1
